word,emotion
abhor,3
abhor,4
abhorr,4
abhorrence,4
abhorrent,3
abhorrent,4
abomin,4
abominably,4
abominate,4
abomination,3
abomination,4
admir,1
admirable,1
admirably,1
admiration,1
admire,1
ador,1
adorably,1
adoration,1
adoring,1
affect,1
affection,1
affectional,1
affectionate,1
affectionateness,1
affective,1
affright,3
afraid,3
aggrav,4
aggravate,4
aggravated,4
aggravation,4
aggress,4
aggression,3
aggression,4
aggressive,3
aggressive,4
aggressiveness,4
aggriev,2
aggrieve,2
alarm,1
alarm,3
alarmed,3
alert,3
amat,1
amative,1
amatori,1
amatory,1
amaz,1
amaze,1
amazed,1
amazement,1
amazing,1
amazingly,1
amic,1
amicability,1
amicable,1
amicableness,1
amicably,1
amok,4
amor,1
amorous,1
amorousness,1
amuck,4
anger,4
angered,4
angri,4
angrili,4
angrily,4
angry,4
animos,4
animosity,0
animus,4
annoy,4
annoyance,4
annoyed,4
annoying,4
antagon,4
antagonism,4
anticip,1
anticipate,1
anticipation,1
anxious,1
anxious,3
anxiously,3
appal,3
appall,3
appreci,1
appreciated,1
apprehens,3
apprehension,3
apprehensive,1
apprehensive,3
apprehensively,3
apprehensiveness,3
approb,1
approbative,1
approbatori,1
approbatory,1
approv,1
approval,1
approve,1
approved,1
approving,1
ardor,1
ardour,1
astoni,1
astonied,1
astonish,1
astonished,1
astonishing,1
astonishingly,1
astonishment,1
astound,1
astounded,1
astounding,1
atroci,3
atrocious,3
atrocious,4
attach,1
attachment,1
attrit,2
attrition,2
avarici,4
avaricious,4
avid,1
avidity,1
avidness,1
aw,1
aw,3
awe,1
awed,1
awestricken,1
awestruck,1
awful,0
awfully,3
bad,0
bad_blood,4
bad_temp,4
bad_temper,4
baffl,1
baffl,4
baffle,1
baffled,4
balk,4
balked,4
bang,0
banter,1
barrack,1
bash,3
bashfully,3
be_on_cloud_nin,1
be_on_cloud_nine,1
beam,1
beaming,1
beat,1
becharm,1
bedevil,4
begrudg,4
begrudge,4
begrudging,4
beguil,1
beguile,1
beguiled,1
belliger,4
belligerence,4
belligerency,4
belligerent,3
belligerent,4
belligerently,4
belong,1
belonging,1
benef,1
benefic,1
beneficed,1
beneficence,1
beneficent,1
benefici,1
beneficially,1
benevol,1
benevolence,1
benevolent,1
benevolently,1
bereav,2
bereaved,2
bereft,2
besot,1
bewild,1
bewilder,1
bewitch,1
bewitching,1
bitter,4
bitterness,2
bitterness,4
blith,1
blithely,1
blitheness,1
blue,2
blue_devil,2
blue_devils,2
bode,3
boding,3
bonheur,1
bore,2
bored,2
bother,4
bothersom,4
bothersome,4
brokenhearted,2
brokenheartedness,2
brood,4
brother,1
brotherhood,1
brotherlik,1
brotherlike,1
brotherly,1
browbeaten,3
bulli,3
bullied,3
buoyanc,1
buoyancy,1
calf_lov,1
calf_love,1
captiv,1
captivate,1
captivated,1
captivating,1
captivation,1
captur,1
capture,1
care,1
carefre,1
carefree,1
carefreeness,1
caring,1
cast_down,2
catch,1
chafe,4
chaff,0
charg,1
charge,1
charit,1
charitable,1
charm,1
charmed,1
cheer,1
cheer_up,1
cheerful,1
cheerfully,1
cheerfulness,1
cheeri,1
cheering,1
cheerless,2
cheerlessly,2
cheerlessness,2
cheery,1
chill,3
chilling,3
chirk_up,1
choler,4
choleric,4
churn_up,4
class_feel,4
class_feeling,4
cliff-hang,1
cliff-hang,3
cliff-hanging,1
cliff-hanging,3
close,1
closeness,1
coldhearted,3
coldheartedness,3
comfort,1
comfortable,1
comfortableness,1
comfortably,1
comforting,1
commend,1
commendable,1
compat,1
compatibility,1
compatible,1
compatibly,1
complac,1
complacence,1
complacency,1
complacent,1
compunct,2
compunction,2
concern,1
congratul,1
congratulate,1
consol,1
console,1
console,2
constern,3
consternation,3
consternation,4
contemn,4
content,1
contented,1
contentment,1
contrit,2
contrite,2
contritely,2
contriteness,2
contrition,2
covet,4
covetous,4
covetously,4
covetousness,4
cow,3
cowed,3
cower,3
crawl,3
crawl,4
creep,3
creeps,3
cring,3
cringe,0
crucifi,4
crucify,4
cruel,0
cruelli,3
cruelly,3
cruelly,4
cruelti,3
cruelty,0
crush,1
dander,4
dark,2
dash,3
daunt,3
daze,1
dazed,1
deject,2
delight,1
delighted,1
demor,2
demoralis,2
demoralising,2
demoralization,2
demoralize,2
demoralized,2
demoralized,3
demoralizing,2
deplor,2
deplorable,0
deplorably,2
depress,2
depress,3
depressed,0
depressing,2
depressing,4
depression,2
depressive,2
desol,2
desolate,2
desolation,2
desolation,3
despair,0
despairingly,2
despis,4
despisal,4
despise,4
despising,4
despit,4
despiteful,4
despond,2
despondence,2
despondency,2
despondent,2
despondently,2
detest,4
detestable,4
detestably,4
detestation,4
devil,0
devot,1
devoted,1
devotedness,1
devotion,1
diffid,3
diffidence,3
diffident,3
diffidently,3
dingi,2
dingy,2
dire,0
direful,3
disconsol,2
disconsolate,2
disconsolateness,2
discourag,2
discourag,4
discouraged,2
discouraged,4
disdain,4
disgust,0
disgusted,4
disgustedly,4
disgustful,4
disgusting,3
disgusting,4
disgustingly,4
dishearten,2
disheartened,2
disheartening,2
dismal,0
dismay,0
dispirit,2
dispirited,2
dispiritedness,2
dispiriting,2
displeas,4
displease,4
displeased,0
displeasing,4
displeasingly,4
displeasur,4
displeasure,4
distast,4
distasteful,4
distastefully,4
distress,0
distressed,2
distressed,3
dole,2
doleful,2
dolefully,2
dolefulness,2
dolor,2
dolorous,2
dolour,2
dolourous,2
down,2
downcast,2
downheart,2
downhearted,2
downheartedness,2
downtrodden,2
drab,2
dread,1
dread,3
dreaded,3
dreadful,0
dreadfully,0
drear,2
dreari,2
dreary,2
dudgeon,4
dumbfound,1
dumbfounded,1
dumfound,1
dumfounded,1
dun,4
dysphor,2
dysphoria,2
dysphoric,2
eager,1
eagerly,1
eagerness,1
ebulli,1
ebullient,1
ebulliently,1
elan,1
elat,1
elate,1
elated,1
elating,1
elation,1
embolden,1
emot,1
emotive,1
empath,1
empathet,1
empathetic,1
empathetically,1
empathi,1
empathic,1
empathy,1
enamor,1
enamored,1
enamoredness,1
enamour,1
enchant,1
enchanting,1
enchantment,1
endear,1
endearingly,1
enfuri,4
enfuriate,4
enjoy,1
enmiti,4
enmity,0
enrag,4
enraged,4
enragement,4
enthral,1
enthralled,1
enthralling,1
enthrallment,1
enthusiasm,1
enthusiast,1
enthusiastic,1
enthusiastically,1
entranc,1
entrance,1
entranced,1
entrancing,1
envi,4
enviabl,4
enviable,4
enviably,4
envious,4
enviously,4
enviousness,4
envy,4
esteem,1
esteem,2
euphor,1
euphori,1
euphoria,1
euphoriant,1
euphoric,1
evil,0
exacerb,4
exacerbate,4
exalt,1
exasper,4
exasperate,4
exasperating,4
exasperation,4
excit,1
excitement,1
exciting,1
execr,2
execr,4
execrable,2
execrate,4
execration,4
exhilar,1
exhilarate,1
exhilarated,1
exhilarating,1
exhilaration,1
exhort,1
expans,1
expansively,1
expect,1
expectancy,1
exuber,1
exuberance,1
exuberant,1
exuberantly,1
exult,1
exultant,1
exultantly,1
exultation,1
exulting,1
exultingly,1
fanci,1
fancy,1
fantast,1
fantastic,1
fascin,1
fascinate,1
fascinating,1
fascination,1
favor,1
favorable,1
favorably,1
favour,1
favourable,1
favourably,1
fawn,3
fear,3
fear,4
fearful,2
fearful,3
fearfully,0
fearfulness,3
fearsom,3
fearsome,3
fed_up,4
feeling_of_ident,1
feeling_of_identity,1
fellow_feel,1
fellow_feeling,1
festal,1
festiv,1
festive,1
fit,4
flabbergast,1
flabbergasted,1
flummox,1
flush,1
fond,1
fond_regard,1
fondly,1
fondness,1
forebod,3
foreboding,1
foreboding,3
forlorn,2
forlornly,2
forlornness,2
foul,3
foul,4
fratern,1
fraternal,1
friend,1
friendli,1
friendliness,1
friendly,1
fright,1
fright,3
frighten,0
frighten_away,3
frighten_off,3
frightened,1
frightened,3
frightening,3
frighteningly,3
frightful,0
frustrat,4
frustrate,2
frustrate,4
frustrated,4
frustrating,4
frustration,4
fulfil,1
fulfill,1
fulfillment,1
fulfilment,1
furi,4
furious,4
furiously,4
fury,0
gaieti,1
gaiety,1
gala,1
gall,4
galling,4
gay,1
gayli,1
gayly,1
get,1
get_at,4
get_down,2
get_to,4
giving_protect,1
giving_protection,1
glad,1
gladden,1
gladdened,1
gladfulness,1
gladness,1
gladsom,1
gladsome,1
gladsomeness,1
glee,1
gleeful,1
gleefulli,1
gleefully,1
gleefulness,1
gloat,1
gloating,1
gloatingly,1
gloom,2
gloomful,2
gloomi,2
gloomili,2
gloomily,2
gloominess,2
glooming,2
gloomy,2
glum,2
godforsaken,2
good,1
good_wil,1
good_will,1
goodwil,1
goodwill,1
grabbi,4
grabby,4
grasp,4
grasping,1
grasping,4
gratifi,1
gratify,1
gratifying,1
gratifyingly,1
gravel,1
gravel,4
great,1
greedi,4
greedy,4
green-ey,4
green-eyed,4
green-eyed_monst,4
green-eyed_monster,4
grief,2
grief-stricken,2
griev,2
grievanc,4
grievance,2
grievance,4
grieve,2
grieve,3
grieving,2
grievous,0
grievously,2
grim,0
grizzl,4
grizzle,4
grovel,3
grudg,4
grudge,4
grudging,4
guilt,2
guilt,4
guilt_feel,2
guilt_feelings,2
guilt_trip,2
guilti,2
guilty,2
guilty,4
guilty_consci,2
guilty_conscience,2
gusto,1
hackl,4
hackles,4
hangdog,2
hangdog,3
hapless,2
happi,1
happili,1
happily,1
happiness,1
happy,1
harass,2
harass,4
harassed,4
harassment,4
hardheart,3
hardhearted,3
hardheartedness,3
harri,4
harried,4
hate,0
hateful,0
hatefully,4
hatr,4
hatred,0
heart,1
heartach,2
heartache,2
heartbreak,2
heartbreaking,2
heartburn,4
heartburning,4
hearten,1
heartless,2
heartless,3
heartlessly,3
heartlessness,3
heartrend,2
heartrending,2
heartsick,2
heartsickness,2
heavyheart,2
heavyhearted,2
heavyheartedness,2
helpless,2
helpless,3
helplessness,2
helplessness,3
hero_worship,1
hesit,3
hesitance,3
hesitancy,3
hesitantly,3
hesitatingly,3
hideous,0
hideously,3
high_dudgeon,4
high_spirit,1
high_spirits,1
high-spirit,1
high-spirited,1
hilar,1
hilari,1
hilarious,1
hilariously,1
hilarity,1
horrend,3
horrendous,3
horribl,3
horrible,3
horrible,4
horribly,3
horrid,0
horridly,3
horrif,3
horrifi,3
horrific,0
horrified,3
horrify,3
horrifying,0
horrifyingly,3
horror,0
horror-stricken,3
horror-struck,3
hostil,4
hostile,3
hostile,4
hostilely,4
hostility,4
howl,0
howling,1
huffi,4
huffili,4
huffily,4
huffiness,4
huffish,4
huffishness,4
huffy,4
hyster,3
hysteria,3
hysterical,3
hysterical,4
hysterically,3
identif,1
identifi,1
identification,1
identify,1
ill_temp,4
ill_temper,4
ill_wil,4
ill_will,4
impress,1
in_awe_of,1
incens,4
incense,4
incensed,4
indign,4
indignant,4
indignantly,4
indignation,4
infatu,1
infatuation,1
infuri,4
infuriate,4
infuriated,4
infuriating,4
infuriation,4
insouci,1
insouciance,1
inspir,1
inspire,1
interest,1
intimaci,1
intimacy,1
intimid,3
intimidate,3
intimidated,3
intimidation,3
intimidation,4
intox,1
intoxicate,1
irasc,4
irascibility,4
irascible,4
ire,4
irrit,4
irritate,4
irritated,4
irritating,4
irritation,2
irritation,4
jealous,4
jealousi,4
jealously,4
jealousy,0
jocular,1
jocularity,1
jocund,1
jocundity,1
jolli,1
jolliti,1
jollity,1
jolly,1
jolly_along,1
jolly_up,1
jovial,1
joviality,1
joy,1
joyful,1
joyfully,1
joyfulness,1
joyless,2
joylessly,2
joylessness,2
joyous,1
joyously,1
joyousness,1
jubil,1
jubilance,1
jubilancy,1
jubilant,1
jubilantly,1
jubilate,1
jubilation,1
jump_for_joy,1
keen,1
keenness,1
kick,1
kick,4
kid,1
kind,1
kindheart,1
kindhearted,1
kindheartedness,1
kindly,1
lachrymos,2
lachrymose,2
laden,2
lament,0
lamentably,2
laudabl,1
laudably,1
lift_up,1
lighthearted,1
lightheartedness,1
lightsom,1
lightsomeness,1
likabl,1
likable,1
like,1
likeabl,1
likeable,1
liking,1
live_up_to,1
livid,4
lividity,4
lividly,4
loath,4
loathe,4
loathing,4
loathly,4
loathsom,4
loathsome,4
loneli,2
loneliness,2
loneliness,3
long-fac,2
long-faced,2
look_for,1
look_to,1
look_up_to,1
lorn,2
love,1
lovesom,1
lovesome,1
loving,1
lovingly,1
lovingness,1
low,2
low-spirit,2
low-spirited,2
low-spiritedness,2
loyalti,1
loyalty,1
mad,0
madden,3
madden,4
maddened,4
maddening,4
madness,3
madness,4
malef,4
malefic,4
maleficence,4
malevol,4
malevolence,4
malevolent,0
malevolently,4
malic,4
malice,3
malice,4
malici,4
malicious,0
maliciously,4
maliciousness,4
malign,4
malignity,4
marvel,1
marvellously,1
marvelous,1
marvelously,1
melanchol,2
melancholi,2
melancholic,2
melancholy,2
merciless,3
mercilessness,3
merri,1
merrili,1
merrily,1
merriment,1
merry,1
mirth,1
mirthful,1
mirthfully,1
mirthfulness,1
misanthrop,4
misanthropi,4
misanthropic,4
misanthropical,4
misanthropy,4
miser,2
miserable,2
miserable,4
miserably,2
miseri,2
misery,0
misfortun,2
misfortunate,2
misocainea,4
misogami,4
misogamy,4
misogyn,4
misogyni,4
misogynic,4
misogynism,4
misogyny,4
misolog,4
misology,4
mison,4
misoneism,4
misopedia,4
monstrous,3
monstrously,3
mourn,2
mournful,0
mournfully,2
mournfulness,2
mourning,2
move,1
murder,0
murderously,4
murderousness,4
mystifi,1
mystify,1
nark,4
nausea,4
nauseat,4
nauseate,4
nauseated,4
nauseating,4
nauseous,2
nauseous,4
near,1
nettl,4
nettle,4
nettled,4
nettlesom,4
nettlesome,4
nigh,1
noisom,4
noisome,4
nonplus,1
obscen,4
obscene,4
occupi,1
occupy,1
odious,3
odious,4
odiously,4
odium,4
offend,4
offens,4
offense,0
offensive,4
offering_protect,1
offering_protection,1
oppress,0
oppressed,2
oppression,0
oppressive,0
oppressively,2
oppressiveness,2
outrag,3
outrag,4
outrage,4
outraged,4
outrageous,1
outrageous,3
overjeal,4
overjealous,4
pall,3
panic,3
panic_attack,3
panic-stricken,3
panic-struck,3
panick,3
panicked,3
panicki,3
panicky,3
partial,1
partiality,1
pathet,2
pathetic,2
pathetic,4
peev,4
peeved,4
penanc,2
penance,2
penance,3
penchant,1
penit,2
penitence,2
penitent,2
penitenti,2
penitentially,2
penitently,2
pep_up,1
perki,1
perkiness,1
perplex,1
persecut,2
persecut,4
persecute,0
persecuted,2
peski,4
pesky,4
pester,4
pestered,4
pestering,4
pestifer,4
pestiferous,4
pick_up,1
piqu,4
pique,4
piss,4
pissed,4
piteous,2
piti,2
pitiabl,2
pitiable,2
pitiful,2
pitiless,3
pitilessness,3
pitying,2
plaguey,4
plaguy,4
plaintiv,2
plaintive,2
plaintively,2
plaintiveness,2
pleas,1
pleased,1
pleasing,1
poor,2
pout,4
praiseworthili,1
praiseworthily,1
predilect,1
predilection,1
preen,1
prefer,1
preference,1
prehensil,4
prehensile,4
premonit,3
premonition,3
presag,3
presage,3
presenti,3
presentiment,3
pride,1
prideful,1
protect,1
protective,1
protectively,1
protectiveness,1
proud,1
proudly,1
provok,4
provoked,4
puppy_lov,1
puppy_love,1
puzzl,1
puzzle,1
queasi,4
queasy,4
quick_temp,4
quick_temper,4
rag,4
rage,4
rancor,4
rancour,4
rapport,1
rattl,1
rattling,1
recreat,1
recreate,1
regard,1
regret,2
regretful,2
rejoic,1
rejoice,1
rejoicing,1
relish,1
remors,2
remorse,2
remorseful,2
remorsefully,2
repel,4
repellant,3
repellant,4
repellent,3
repellent,4
repent,2
repent,3
repentance,2
repentant,2
repentantly,2
repugn,4
repugnance,4
repugnant,4
repuls,4
repulse,4
repulsion,3
repulsion,4
repulsive,4
repulsively,4
resent,4
resentful,4
resentfully,4
resentment,2
resentment,4
respect,1
revel,1
reveng,4
revengefully,4
revolt,1
revolt,4
revolting,3
revolting,4
revoltingly,4
revuls,4
revulsion,3
revulsion,4
rile,4
riled,4
riotous,0
riotously,1
roil,4
roiled,4
romant,1
romantic,1
rue,2
rueful,2
ruefulli,2
ruefully,2
ruefulness,2
rush,1
ruth,2
ruthfulness,2
ruthless,3
ruthless,4
ruthlessness,3
sad,2
sadden,2
saddening,2
sadly,2
sadness,1
sadness,2
satiabl,1
satiable,1
satisfact,1
satisfaction,1
satisfactori,1
satisfactorili,1
satisfactorily,1
satisfactory,1
satisfi,1
satisfiable,1
satisfied,1
satisfy,1
satisfying,1
satisfyingly,1
scare,0
scare_away,3
scare_off,3
scared,3
scarey,3
scari,3
scarili,3
scarily,3
scary,3
scene,4
schadenfreud,1
schadenfreude,1
score,1
score,4
scorn,4
scream,0
screaming,0
see_r,4
see_red,4
self-complac,1
self-complacency,1
self-distrust,3
self-doubt,3
self-piti,2
self-pity,2
self-reproach,2
self-satisfact,1
self-satisfaction,1
self-satisfi,1
self-satisfied,1
shadow,3
shame,0
shamed,2
shamefac,2
shamefaced,2
shi,3
shiveri,3
shivery,3
short_temp,4
short_temper,4
shudderi,3
shuddery,3
shy,3
shyli,3
shyly,3
shyness,3
sick,2
sick,4
sick_of,4
sicken,4
sickening,0
sickeningly,4
sickish,4
smug,1
smugness,1
soft_spot,1
soft-boil,1
soft-boiled,1
softheart,1
softhearted,1
softheartedness,1
solac,1
solace,1
somber,2
somberness,2
sooth,1
soothe,1
sore,2
sore,4
sorri,2
sorrow,2
sorrow,3
sorrowful,2
sorrowfully,2
sorrowfulness,2
sorrowing,2
sorry,2
sorry_for,2
spite,4
spiteful,4
spitefulness,4
spleen,4
stage_fright,3
stagger,1
staggering,1
stew,4
stimul,1
stimulating,1
strike,1
strike,4
stun,1
stung,4
stunned,1
stunned,3
stupefact,1
stupefaction,1
stupefi,1
stupefied,1
stupefy,1
stupefying,1
stupid,1
stupifi,1
stupify,1
suffer,2
suffering,0
sulk,4
sulki,4
sulkiness,4
sulky,4
sunni,1
sunny,1
superbl,1
superbly,1
surpris,1
surprise,1
surprise,3
surprised,1
surprisedly,1
surprising,1
surprisingly,1
suspens,1
suspens,3
suspense,1
suspense,3
suspenseful,1
suspenseful,3
suspensive,1
suspensive,3
sympathet,1
sympathetic,0
sympathetically,1
sympathi,1
sympathy,1
sympathy,2
tantal,4
tantalize,4
tantrum,4
tast,1
taste,1
tear,2
tearful,0
tearfulness,2
teas,1
teas,4
teased,1
teasing,3
teasing,4
temper,4
tender,1
tenderness,1
terribl,3
terrible,0
terrif,1
terrifi,3
terrific,1
terrific,2
terrifically,1
terrified,3
terror,3
the_green-eyed_monst,4
the_green-eyed_monster,4
thirstili,1
thirstily,1
thrill,1
thrill,3
thunderstruck,1
tickl,1
tickle,1
timid,2
timid,3
timidity,1
timidity,3
timidly,3
timidness,3
timor,3
timorous,3
timorously,3
timorousness,3
tired_of,4
titil,1
titillate,1
titillated,1
titillating,1
titillation,1
togeth,1
togetherness,1
top,1
toppingly,1
torment,0
tranc,1
trance,1
tremend,1
tremendous,1
trepid,3
trepidation,1
trepidation,3
trepidly,3
triumph,1
triumphal,1
triumphant,1
triumphantly,1
trounc,1
trounce,1
turn_off,4
tyrann,2
tyrannical,0
tyrannous,2
ugli,3
ugly,3
ugly,4
umbrag,4
umbrage,4
umbrageous,4
unassert,3
unassertive,3
unassertively,3
unassertiveness,3
uncheer,2
uncheerful,2
uncheerfulness,2
uneasili,3
uneasily,3
unhappi,2
unhappiness,2
unhappy,2
unhappy,4
unkind,0
unsur,3
unsure,3
unworri,1
unworried,1
uplift,1
uproari,1
uproarious,1
uproariously,1
urg,1
urge,1
urge_on,1
veng,4
vengefully,4
vengefulness,4
venom,3
venom,4
vex,4
vexat,4
vexati,4
vexation,4
vexatious,4
vexed,4
vexing,4
vile,4
vindict,4
vindictive,4
vindictively,4
vindictiveness,4
walk_on_air,1
wallow,0
warm,1
warmheart,1
warmhearted,1
warmheartedness,1
warmth,1
warpath,4
weak,1
weakness,1
weep,2
weepi,2
weepiness,2
weeping,2
weight,0
Weltschmerz,2
wick,4
wicked,3
wicked,4
with_empathi,1
with_empathy,1
with_happi,1
with_happiness,1
with_hostil,4
with_hostility,4
with_prid,1
with_pride,1
with_sympathi,1
with_sympathy,1
woe,0
woebegon,2
woebegone,2
woeful,2
woefulli,2
woefully,2
woefully,4
woefulness,2
wonder,1
wonderful,1
wonderfully,1
wonderment,1
wondrous,1
wondrously,1
world-weari,2
world-weariness,2
world-weary,2
worri,1
worry,0
worship,1
worship,3
worshipful,1
wrath,3
wrath,4
wrathful,4
wrathfully,4
wretch,2
wretch,4
wretched,2
wretched,4
wroth,4
wrothful,4
yucki,4
yucky,4
zeal,1
zealous,1
zest,1
zestfulness,1
abacus,1
abandon,2
abandon,3
abandoned,0
abandonment,0
abbot,1
abduction,0
aberration,4
abject,4
abnormal,4
abolish,4
abominable,3
abominable,4
abortion,0
abortive,2
abrupt,1
abscess,2
absence,2
absence,3
absent,2
absentee,2
absolution,1
abundance,1
abundance,4
abundant,1
abuse,0
abysmal,2
abyss,2
abyss,3
academic,1
accelerate,1
accident,0
accidental,1
accidental,3
accidentally,1
accolade,1
accompaniment,1
accomplish,1
accomplished,1
accord,1
account,1
accountability,1
accountable,1
accountant,1
accounts,1
accredited,1
accurate,1
accursed,0
accusation,4
accused,3
accused,4
accuser,3
accuser,4
accusing,3
accusing,4
ache,2
achieve,1
achievement,1
aching,2
acquiring,1
acrobat,1
acrobat,3
actionable,4
adder,0
addresses,1
adhering,1
adjudicate,3
administrative,1
admiral,1
admissible,1
admonition,3
adorable,1
adore,1
adrift,0
adultery,2
adultery,4
advance,1
advance,3
advent,1
adventure,1
adversary,4
adverse,0
adversity,0
advice,1
advisable,1
advise,1
advised,1
adviser,1
advocacy,1
advocacy,4
advocate,1
aesthetics,1
affirm,1
affirmatively,1
afflict,2
afflict,3
affliction,0
affluence,1
affront,0
aftermath,0
aga,1
aga,3
aggravating,2
aggravating,4
aggressor,3
aggressor,4
aghast,0
agitated,4
agitation,4
agonizing,3
agony,0
agreeable,1
agreed,1
agreeing,1
agreement,1
ail,2
ailing,2
ailing,3
airport,1
airs,4
akin,1
alarming,1
alarming,3
alb,1
alcoholism,0
alertness,1
alertness,3
alerts,1
alerts,3
alien,3
alien,4
alienate,4
alienated,2
alienation,0
alive,1
allegation,4
allegiance,1
alliance,1
allied,1
allure,1
ally,1
aloha,1
altercation,4
ambassador,1
ambition,1
ambulance,1
ambulance,3
ambush,0
amen,1
ammonia,4
amnesty,1
amortization,1
amour,1
amphetamines,4
amuse,1
amused,1
amusement,1
amusing,1
anaconda,3
anaconda,4
analyst,1
anarchism,3
anarchism,4
anarchist,3
anarchist,4
anarchy,3
anarchy,4
anathema,0
ancestral,1
anchorage,2
angel,1
angelic,1
angina,3
angling,1
anguish,0
animated,1
annihilate,3
annihilate,4
annihilated,0
annihilation,0
announcement,1
annulment,2
anomaly,1
anomaly,3
answerable,1
antagonist,4
antagonistic,4
anthrax,0
antichrist,3
antichrist,4
anticipatory,1
antidote,1
antifungal,1
antipathy,4
antiseptic,1
antisocial,0
antithesis,4
anxiety,0
apache,3
apathetic,2
apathy,2
aphid,4
apologetic,1
apologize,1
apologize,2
apostle,1
apostolic,1
appalling,3
appalling,4
apparition,1
apparition,3
appeal,1
appendicitis,2
appendicitis,3
applause,1
applicant,1
appreciation,1
apprehend,3
apprentice,1
approaching,1
approbation,1
arbiter,1
arbitration,1
arbitrator,1
archaeology,1
architecture,1
ardent,1
argue,4
argument,4
argumentation,4
arguments,4
arid,2
armament,3
armament,4
armaments,3
armed,3
armed,4
armor,1
armor,3
armored,3
armory,1
arouse,1
arraignment,0
arrival,1
arrive,1
arrogant,4
arsenic,0
arson,3
arson,4
art,1
art,2
artillery,3
ashamed,2
ashamed,4
ashes,2
asp,3
aspiration,1
aspire,1
aspiring,1
assail,0
assailant,0
assassin,0
assassinate,3
assassinate,4
assassination,0
assault,3
assault,4
assembly,1
asserting,1
assessment,1
assessor,1
asshole,4
assignee,1
assist,1
associate,1
association,1
assurance,1
assure,1
assured,1
assuredly,1
astray,3
astrologer,1
astronomer,1
asylum,3
asymmetry,4
atherosclerosis,2
atherosclerosis,3
atone,1
atrocity,0
atrophy,0
attack,3
attack,4
attacking,0
attainable,1
attempt,1
attendance,1
attendant,1
attentive,1
attenuation,2
attest,1
attestation,1
attorney,0
auction,1
audience,1
auditor,1
auditor,3
aunt,1
auspicious,1
austere,2
austere,3
authentic,1
authenticate,1
authentication,1
authenticity,1
author,1
authoritative,1
authority,1
authorization,1
authorize,1
automatic,1
autopsy,0
avalanche,0
avarice,4
avenger,4
averse,3
averse,4
aversion,3
aversion,4
avoid,3
avoidance,3
avoiding,3
await,1
award,1
awkwardness,4
axiom,1
axiomatic,1
baboon,4
baby,1
babysitter,1
backbone,1
backbone,4
backer,1
backwards,4
backwater,2
bacteria,0
bacterium,3
bacterium,4
badge,1
badger,4
badly,2
badness,3
badness,4
bailiff,1
bailiff,3
bait,1
bait,3
bale,3
ballot,1
balm,1
bane,3
bane,4
banger,0
banish,0
banished,0
banishment,2
banishment,4
bank,1
banker,1
bankrupt,2
bankrupt,3
bankruptcy,0
banquet,1
banshee,0
baptismal,1
barb,4
barbarian,3
barbaric,3
barbaric,4
barf,4
bargain,1
bark,4
barren,2
barricade,3
barrier,4
barrow,4
bartender,1
barter,1
base,1
basketball,1
bastard,2
bastard,4
bastion,4
battalion,4
batter,3
batter,4
battered,2
battered,3
battery,4
battle,4
battled,0
battlefield,3
bayonet,3
bayonet,4
beach,1
bear,3
bear,4
bearish,3
bearish,4
beast,3
beast,4
beastly,3
beastly,4
beating,0
beautification,1
beautiful,1
beautify,1
beauty,1
bedrock,1
bee,3
bee,4
beer,1
befriend,1
beg,2
beggar,2
begun,1
behemoth,3
believed,1
believer,1
believing,1
belittle,0
bellows,4
belt,3
belt,4
benefactor,1
benign,1
bequest,1
bereavement,2
berserk,4
bestial,3
bestial,4
betray,0
betrayal,2
betrayal,4
betrothed,1
beware,1
beware,3
bewildered,1
bewildered,3
bewilderment,1
bewilderment,3
bias,4
bickering,4
biennial,1
bier,2
bier,3
bigot,3
bigot,4
bigoted,0
bile,4
biopsy,3
birch,3
birch,4
birth,1
birth,3
birthday,1
birthplace,4
bitch,0
bitterly,2
bitterly,4
bizarre,1
black,2
blackmail,3
blackmail,4
blackness,2
blackness,3
blame,4
blanket,1
blasphemous,4
blasphemy,4
blast,0
blatant,4
blaze,4
bleak,2
bleeding,0
blemish,0
bless,1
blessed,1
blessing,1
blessings,1
blight,0
blighted,2
blighted,4
blindfold,1
blindfold,3
blindly,2
blindness,2
bliss,1
blissful,1
blister,4
blitz,1
bloated,4
blob,3
blob,4
blockade,0
bloodshed,0
bloodthirsty,3
bloodthirsty,4
bloody,0
bloom,1
blossom,1
blues,2
blues,3
blunder,2
blunder,4
board,1
bodyguard,1
bogus,4
boil,4
boisterous,1
boisterous,4
bomb,0
bombard,3
bombard,4
bombardment,3
bombardment,4
bombed,4
bomber,2
bomber,3
bonanza,1
bondage,2
bondage,3
bonus,1
boomerang,1
boredom,2
bothering,2
bothering,4
bottom,2
bottomless,3
bountiful,1
bounty,1
bouquet,1
bout,4
bovine,4
bowels,4
boxing,4
boy,4
bran,4
brawl,3
brawl,4
brazen,4
break,1
breakup,2
bribery,4
bridal,1
bride,1
bridegroom,1
bridesmaid,1
brigade,3
brighten,1
brilliant,1
brimstone,3
brimstone,4
broadside,1
broil,4
broke,2
broke,3
broken,0
brothel,4
bruise,1
brunt,4
brutal,3
brutal,4
brutality,3
brutality,4
brute,0
buck,1
buck,3
buddy,1
budget,1
buffet,4
bug,3
bug,4
bugaboo,0
bugle,1
bully,3
bully,4
bum,2
bum,4
bummer,4
bunker,3
burdensome,2
burdensome,3
bureaucracy,1
bureaucrat,4
burglar,3
burglar,4
burial,0
buried,2
buried,3
burke,0
burlesque,1
burnt,4
bursary,1
bury,2
buss,1
busted,3
busted,4
butcher,3
butcher,4
butler,1
buzz,1
buzz,3
bye,1
bylaw,1
cabal,3
cabinet,1
cable,1
cacophony,4
cad,4
cadaver,0
cage,2
calamity,2
calculation,1
calculator,1
calf,1
callous,4
calls,1
camouflage,1
camouflaged,1
campaigning,3
campaigning,4
cancel,2
cancer,0
candid,1
cane,3
cane,4
canker,4
cannibal,3
cannibal,4
cannibalism,4
cannon,3
cannon,4
canons,1
cap,1
captive,2
captive,3
captivity,2
captor,3
carcass,0
carcinoma,2
carcinoma,3
cardiomyopathy,2
cardiomyopathy,3
career,1
carelessness,4
caretaker,1
caries,4
carnage,0
carnivorous,3
carol,1
cartridge,3
case,2
case,3
cash,0
cashier,1
casket,2
casket,3
casualty,0
cataract,0
catastrophe,0
catechism,4
cathedral,1
caution,0
cautionary,3
cautious,1
cautious,3
cautiously,3
celebrated,1
celebrating,1
celebration,1
celebrity,1
celebrity,4
celestial,1
cement,1
cemetery,2
cemetery,3
censor,0
center,1
ceremony,1
certify,1
cess,4
chagrin,2
chagrin,4
chairman,1
chairwoman,1
challenge,3
challenge,4
champion,1
chance,1
chancellor,1
change,3
changeable,1
chant,1
chant,4
chaos,0
chaotic,4
chaplain,1
chargeable,2
chargeable,3
charity,1
chart,1
chasm,3
chastity,1
cheat,4
checklist,1
chemist,1
cherish,1
chicane,1
chicken,3
child,1
childhood,1
chimera,1
chimera,3
chirp,1
chocolate,1
choir,1
choke,2
choke,4
cholera,0
choral,1
chronic,2
chronicle,1
chuckle,1
church,1
civilization,1
civilized,1
claimant,4
clamor,1
clamor,4
clan,1
clap,1
clash,4
clashing,3
clashing,4
classics,1
claw,3
claw,4
clean,1
clearance,1
cleave,3
clerical,1
cliff,3
climax,1
clock,1
closure,1
closure,2
clouded,2
cloudiness,3
cloudy,2
clown,1
clue,1
clumsy,4
coach,1
coalesce,1
coax,1
cobra,3
cocaine,2
coerce,3
coerce,4
coercion,0
coexist,1
coexisting,1
coffin,2
coffin,3
cogent,1
cohesion,1
cohesive,1
coincidence,1
coldness,0
collaborator,1
collapse,0
collateral,1
collectively,1
collision,4
collusion,0
colonel,1
coma,2
coma,3
comatose,2
comatose,3
combat,3
combat,4
combatant,3
combatant,4
combative,3
combative,4
coming,1
commandant,1
commanding,1
commemorate,1
commemorate,2
commemoration,1
commemorative,1
commerce,1
commission,1
committal,2
committed,1
committee,1
commodore,1
commonplace,1
commonwealth,1
commotion,4
communicate,1
communication,1
communion,1
communism,0
compact,1
companion,1
compass,1
compassion,3
compensate,1
competence,1
competency,1
competent,1
competition,1
complain,2
complain,4
complaint,4
complement,1
completing,1
completion,1
compliance,1
complicate,4
compliment,1
compost,4
compress,4
comptroller,1
compulsion,4
comrade,1
conceal,2
concealed,1
concealed,3
concealment,0
concerned,2
concerned,3
conciliation,1
concord,1
concordance,1
concussion,2
concussion,4
condemn,4
condemnation,0
condescension,2
condescension,4
condolence,2
confederate,1
confess,1
confession,0
confessional,1
confessional,3
confide,1
confidence,1
confidence,3
confident,1
confidential,1
confidentially,1
confine,0
confined,0
confinement,0
confirmation,1
confirmed,1
confiscate,2
confiscate,4
conflagration,3
conflagration,4
conflict,0
conformity,1
confront,4
confusion,3
confusion,4
conglomerate,1
congratulatory,1
congregation,1
congress,1
congress,4
congressman,1
congruence,1
conjecture,1
conjure,1
connective,1
connoisseur,1
conquest,3
conquest,4
conscience,1
conscientious,1
consecration,1
consecration,2
consequent,1
conservation,1
considerate,1
consistency,1
consort,1
conspiracy,3
conspirator,0
conspire,3
constable,1
constancy,1
constant,1
constantly,1
constipation,4
constitute,1
constitutional,1
constrain,3
constraint,0
consul,1
consult,1
contagion,0
contagious,3
contagious,4
contaminate,4
contaminated,0
contamination,4
contempt,3
contempt,4
contemptible,4
contemptuous,4
contentious,3
contentious,4
contingent,1
continuation,1
continue,1
contraband,3
contraband,4
contradict,4
contributor,1
controversial,4
convent,1
convergence,1
conveyancing,1
convict,0
convince,1
convinced,1
convincing,1
coop,4
cooperating,1
cooperation,1
cooperative,1
cop,1
cop,3
copycat,4
coronation,1
corporation,1
corpse,2
corpse,4
correctness,1
correspondence,1
corroborate,1
corroboration,1
corrosive,3
corrupting,0
corruption,4
corse,2
cosmopolitan,1
couch,2
cough,4
council,1
counsel,1
counsellor,0
counselor,1
count,1
countdown,1
countryman,1
county,1
coup,1
coup,4
courageous,3
courier,1
court,0
courtship,1
cove,0
covenant,1
cover,1
coward,0
cowardice,3
cowardly,3
coy,3
coyote,3
crabby,4
cracked,3
cracked,4
cradle,1
cramp,1
cranky,4
crap,4
craps,1
crash,0
crave,1
craving,1
crazed,3
crazed,4
crazy,0
cream,1
create,1
creature,3
creature,4
credence,1
credential,1
credibility,1
credible,1
credit,1
creditable,1
creeping,1
cremation,2
crescendo,1
crew,1
crime,4
criminal,3
criminal,4
criminality,3
criminality,4
cripple,2
cripple,3
crippled,2
crisp,1
criticism,2
criticism,4
criticize,0
critter,4
crocodile,3
cross,0
crouch,3
crouching,3
crowning,1
crucial,1
crucifixion,0
crude,4
crumbling,2
crunch,4
crusade,3
crusade,4
crushed,0
crushing,3
crushing,4
crusty,4
cry,2
crying,2
crypt,2
crypt,3
cube,1
cuckold,4
cuddle,1
cue,1
culinary,1
cult,3
cultivate,1
cumbersome,2
cupping,0
cur,3
cur,4
curable,1
curiosity,1
curse,0
cursed,0
cursing,4
cussed,4
custodian,1
custody,1
cutter,3
cutthroat,3
cutthroat,4
cutting,0
cyanide,3
cyclone,1
cyclone,3
cyst,2
cyst,3
cystic,4
cytomegalovirus,2
dabbling,4
daemon,0
daft,4
dagger,3
daily,1
damage,2
damage,4
damages,2
dame,1
dame,4
damn,4
damnation,0
dance,1
dandy,4
danger,2
danger,3
dangerous,3
dank,4
dare,1
darken,2
darken,3
darkened,2
darkened,3
darkness,0
darling,1
dart,3
dashed,0
dastardly,3
dastardly,4
daughter,1
dawn,1
deacon,1
deadly,0
deal,1
dealings,1
death,0
debacle,2
debacle,3
debauchery,3
debauchery,4
debenture,1
debris,4
debt,2
decay,2
decay,3
decayed,2
decayed,4
deceased,2
deceit,0
deceitful,2
deceitful,4
deceive,2
deceive,4
deceived,4
deceiving,1
decompose,4
decomposed,2
decomposition,0
decoy,1
decry,4
deed,1
defamation,3
defamation,4
defamatory,4
default,0
defeated,2
defect,4
defection,3
defective,4
defend,3
defendant,0
defended,1
defender,1
defense,0
defenseless,2
defenseless,3
deference,1
defiance,3
defiance,4
defiant,4
definitive,1
deflate,2
deflate,4
deflation,3
deform,4
deformed,2
deformed,4
deformity,0
defraud,4
defunct,2
defy,0
degeneracy,2
degeneracy,4
degrade,4
degrading,0
delay,0
delegate,1
deleterious,3
deleterious,4
delicious,1
delightful,1
delinquent,4
delirious,2
delirium,2
delirium,4
deliverance,1
delivery,1
deluge,0
delusion,0
delusional,3
delusional,4
demand,4
demented,3
dementia,2
dementia,3
demise,2
demise,3
demolish,2
demolish,4
demon,0
demonic,0
demonstrative,1
demonstrative,2
denied,2
denounce,4
dentistry,3
denunciation,3
denunciation,4
deny,4
denying,1
depart,1
depart,2
departed,2
departure,2
depend,1
dependence,2
dependence,3
dependent,1
deplore,2
deplore,4
deport,2
deport,3
deportation,0
depository,1
depraved,0
depravity,4
depreciate,4
depreciated,0
depreciation,3
deprivation,0
depth,1
deputy,1
deranged,3
deranged,4
derision,4
dermatologist,1
derogation,0
derogatory,0
descent,2
descent,3
desecration,0
desert,0
deserted,0
deserve,1
deserve,4
designation,1
desist,4
despairing,2
despairing,3
despicable,4
despotic,3
despotism,0
destination,0
destined,1
destitute,2
destitute,3
destroyed,0
destroyer,3
destroyer,4
destroying,0
destruction,4
destructive,3
destructive,4
detainee,0
detention,2
deteriorate,2
deteriorate,3
deteriorated,2
deteriorated,4
deterioration,0
determinate,1
determination,1
detonate,1
detonate,3
detonation,4
detract,4
devastate,0
devastating,0
devastation,0
develop,1
deviation,2
devilish,3
devilish,4
devotional,1
devout,1
diabolical,3
diabolical,4
diagnosis,1
diagnosis,3
diamond,1
diaper,4
diarrhoea,4
diary,1
diatribe,4
dictator,3
dictatorial,4
dictatorship,0
dictionary,1
dictum,1
die,2
die,3
dietary,1
differential,1
differently,1
difficult,3
difficulties,2
difficulty,0
digit,1
dignity,1
digress,1
dike,3
dilapidated,2
dilapidated,4
diligence,1
diminish,2
dinosaur,3
diplomacy,1
diplomatic,1
director,1
dirt,4
dirty,4
disability,2
disable,2
disable,3
disabled,2
disabled,3
disagree,4
disagreeing,2
disagreeing,4
disagreement,2
disagreement,4
disallowed,0
disappear,3
disappoint,2
disappoint,4
disappointed,2
disappointed,4
disappointing,2
disappointment,2
disappointment,4
disapproval,2
disapprove,0
disapproved,2
disapproved,4
disapproving,2
disapproving,4
disaster,0
disastrous,0
disciple,1
discipline,3
disclaim,1
disclaim,4
disclosed,1
discoloration,4
discolored,2
discolored,4
discomfort,2
disconnect,2
disconnected,2
discontent,0
discontinuity,0
discord,4
discourage,2
discourage,3
discreet,1
discretion,1
discriminate,2
discriminate,4
discriminating,4
discrimination,0
disease,0
diseased,0
disembodied,2
disembodied,3
disfigured,0
disgrace,2
disgrace,4
disgraced,2
disgraced,4
disgraceful,4
disgruntled,2
disgruntled,4
dishonest,2
dishonest,4
dishonesty,4
dishonor,0
disillusionment,2
disillusionment,4
disinformation,3
disinformation,4
disingenuous,4
disintegrate,3
disintegrate,4
dislike,4
disliked,2
disliked,4
dislocated,0
dismemberment,0
dismissal,0
disobedience,4
disobedient,4
disobey,4
disorder,3
disparage,2
disparage,4
disparaging,2
disparaging,4
disparity,2
disparity,4
dispassionate,2
dispel,2
displaced,0
dispose,4
disposed,1
dispossessed,0
dispute,4
disqualified,2
disqualified,4
disqualify,2
disregarded,4
disreputable,3
disreputable,4
disrespect,4
disrespectful,0
disruption,0
dissection,4
dissension,4
disservice,2
disservice,4
dissident,3
dissident,4
dissolution,0
dissonance,4
distaste,4
distorted,4
distracted,4
distracting,1
distracting,4
distraught,2
distressing,3
distressing,4
distrust,3
distrust,4
disturbance,0
disturbed,2
disturbed,4
disused,4
ditty,1
divan,1
divergent,1
diversion,1
divination,1
divorce,0
doctor,1
doctrine,1
dogma,1
doldrums,2
doll,1
dolphin,1
dominant,3
dominate,3
dominate,4
domination,0
dominion,1
dominion,3
don,1
donkey,4
doom,3
doomed,2
doomed,3
doomsday,0
doubt,0
doubtless,1
dove,1
downfall,2
downfall,3
downright,1
draft,1
dragon,3
drivel,4
drool,4
drown,2
drown,3
drugged,2
drunken,4
dubious,1
dubious,3
duel,0
dull,2
dumps,2
dumps,4
dung,4
dungeon,3
dupe,4
duplicity,4
durability,1
durable,1
duress,0
dutiful,1
dwarfed,2
dwarfed,3
dying,0
dynamic,1
dysentery,2
dysentery,4
eagle,1
earthquake,0
economy,1
ecstasy,1
ecstatic,1
edict,3
edification,1
edition,1
educational,1
eel,3
effective,1
efficient,1
effigy,4
egotistical,4
egregious,4
ejaculation,1
elbow,4
elder,1
elders,1
elect,1
electorate,1
electric,1
elegance,1
elegant,1
elevation,1
elevation,3
elf,3
elf,4
elimination,0
elite,1
elucidate,1
elusive,1
emaciated,2
emaciated,3
emancipation,1
embarrass,2
embarrassment,0
embolism,2
embolism,3
embrace,1
emergency,0
eminence,1
emphasize,1
employ,1
emptiness,2
enable,1
enablement,1
enchanted,1
encourage,1
encroachment,3
encumbrance,0
encyclopedia,1
endanger,1
endanger,3
endangered,3
endeavor,1
endemic,0
endless,0
endocarditis,2
endocarditis,3
endow,1
endowment,1
enema,4
enemy,3
enemy,4
enforce,3
enforce,4
engaged,1
engaging,1
engulf,1
enigmatic,3
enjoying,1
enlighten,1
enlightenment,1
enliven,1
enroll,1
ensemble,1
enslaved,0
entangled,0
entertain,1
entertained,1
entertaining,1
entertainment,1
entrails,4
entrust,1
epidemic,0
episcopal,1
epitaph,2
equality,1
eradicate,4
eradication,3
eradication,4
erase,3
erotic,1
errand,1
erratic,1
error,2
erupt,1
erupt,4
eruption,0
escalate,4
escape,1
escape,3
escaped,3
eschew,2
eschew,4
escort,1
establish,1
established,1
ethereal,3
euthanasia,2
euthanasia,3
evacuate,3
evade,3
evade,4
evanescence,1
evanescence,2
evasion,2
evasion,3
eventual,1
eventuality,1
eventuality,3
evergreen,1
evict,2
eviction,0
evident,1
exacerbation,3
exacerbation,4
exaggerate,4
exaltation,1
exalted,1
examination,1
examination,3
excavation,1
exceed,1
excel,1
excellence,1
excellence,4
excellent,1
exchange,1
excitation,0
excite,0
excited,1
exclaim,1
excluded,2
excluded,4
excluding,2
exclusion,0
excrement,4
excretion,4
excruciating,3
execution,0
executioner,0
executor,1
exhausted,2
exhaustion,1
exhaustion,2
exhaustive,1
exigent,0
exile,0
exorcism,2
exorcism,3
expectant,1
expectation,1
expected,1
expecting,1
expedient,1
expedition,1
expel,0
experienced,1
experiment,1
expert,1
expertise,1
expire,2
explain,1
expletive,4
explode,0
explore,1
explosion,1
explosion,3
explosive,0
expose,1
expose,3
expulsion,0
exquisite,1
exterminate,2
exterminate,3
extermination,3
extermination,4
extinct,2
extinguish,4
extrajudicial,3
extricate,1
eyewitness,1
fabrication,1
fact,1
facts,1
faculty,1
faeces,4
failing,0
failure,0
fain,1
fainting,0
fairly,1
faith,1
faithful,1
faithless,2
fall,2
fallacious,4
falling,2
falsehood,1
falsehood,4
falsification,4
falsify,4
falsity,4
falter,3
familiar,1
familiarity,1
famine,2
fanaticism,3
fanfare,1
fang,3
fangs,3
farcical,4
farm,1
fasting,2
fat,2
fat,4
fatal,0
fatality,2
fatality,3
fate,1
father,1
fatigued,2
fatty,2
fatty,4
fault,2
faultless,1
favorite,1
fearing,3
fearless,3
feat,1
fecal,4
feces,4
fee,4
feeble,2
feeling,0
felicity,1
fell,2
fellow,1
felon,3
fenced,4
fender,1
ferment,1
fermentation,1
ferocious,3
ferocious,4
ferocity,4
fervor,1
fervor,4
festival,1
fete,1
feud,4
feudalism,2
feudalism,4
fever,3
fib,4
fidelity,1
fiend,3
fiend,4
fierce,3
fierce,4
fiesta,1
fight,3
fight,4
fighting,4
fill,1
filth,4
filthy,4
finally,1
finally,4
fire,3
firearms,3
firearms,4
fireman,1
firmness,1
firstborn,1
fits,4
fitting,1
fixed,1
flabby,4
flaccid,2
flagrant,4
flagship,1
flange,1
flattering,1
flatulence,4
flaw,2
flea,4
fled,3
flee,3
fleece,2
fleece,4
flesh,4
flinch,0
flirt,1
flog,0
flood,3
flop,2
flop,4
flounder,2
flounder,3
flu,3
fluctuation,3
fluctuation,4
fluke,1
flying,3
foe,3
foe,4
follower,1
food,1
fool,4
football,1
footing,1
foray,4
forbid,2
forbidding,3
forbidding,4
force,3
force,4
forced,3
forcibly,3
forcibly,4
forearm,1
forearm,4
forecast,1
foreclose,2
foreclose,3
forefathers,1
foreigner,3
foresee,1
foreseen,1
foresight,1
forewarned,1
forewarned,3
forfeit,2
forfeit,4
forfeiture,2
forfeiture,3
forgiving,1
forgotten,2
forgotten,3
formality,1
formative,1
formidable,3
forming,1
formula,1
forsake,2
forsaken,2
forsaken,4
fort,1
fortitude,1
fortress,0
fortune,1
found,1
fragile,2
fragile,3
frailty,2
framework,1
frank,1
frankness,1
frantic,0
fraud,4
fraudulent,4
fraught,2
fraught,3
frayed,2
freakish,0
freedom,1
freely,1
frenetic,0
frenzied,3
frenzied,4
fret,3
friction,4
friendship,1
frigate,3
frisky,1
frolic,1
frown,2
frowning,2
frowning,4
fruitless,2
fugitive,0
fully,1
fuming,4
fun,1
fundamental,1
funeral,2
fungus,4
funk,2
furnace,4
furor,4
furrow,2
fuse,1
fuss,2
fuss,4
fussy,4
futile,2
gaby,4
gag,4
gage,1
gain,1
gallows,0
gambler,1
gambling,1
gang,3
gang,4
gape,1
garbage,4
garden,1
garish,1
garish,4
garrison,1
gash,3
gasp,1
gasping,3
gate,1
gateway,1
gauging,1
gawk,1
gazette,1
gelatin,4
gem,1
general,1
generosity,1
generous,1
genial,1
gent,3
gent,4
gentleman,1
gentry,1
genuine,1
geriatric,2
germ,1
germ,4
germination,1
ghastly,3
ghastly,4
ghetto,0
ghost,3
ghostly,3
giant,3
gibberish,4
gift,1
giggle,1
girder,1
gladiator,3
glare,3
glare,4
glaring,4
glide,1
glimmer,1
glitter,1
glitter,4
glorification,1
glorify,1
glory,1
glow,1
glut,4
gluttony,4
gnome,3
gnome,4
gob,4
goblin,3
goblin,4
god,1
god,3
godless,4
godly,1
godsend,1
gonorrhea,0
goo,4
goodness,1
gore,0
gorge,4
gorgeous,1
gory,0
gospel,1
govern,1
governess,1
government,3
governor,1
grab,4
gradual,1
graduation,1
graduation,3
grammar,1
grandchildren,1
grandfather,1
grant,1
grated,4
grating,4
gratitude,1
gratuitous,4
grave,2
grave,3
gravitate,1
gray,2
gray,4
greasy,4
greatness,1
greed,4
green,1
greeting,1
grenade,3
grime,4
grimy,4
grin,1
grisly,3
grisly,4
grit,1
grizzly,3
groan,2
groan,4
grope,3
grope,4
gross,4
grotesque,4
ground,1
grounded,2
grounded,3
grow,1
growl,3
growl,4
growling,3
growling,4
gruesome,4
gruff,4
grumble,4
grumpy,2
grumpy,4
guarantee,1
guard,1
guard,3
guarded,1
guardian,1
guardianship,1
gubernatorial,1
guerilla,3
guess,1
guidance,1
guide,1
guidebook,1
guillotine,0
gullible,1
gullible,2
gulp,1
gulp,3
gun,3
gun,4
gunpowder,3
guru,1
gush,1
gush,4
gusset,1
gut,4
gutter,4
habitual,1
hag,3
hag,4
haggard,2
hail,1
hairy,4
hallucination,3
halter,0
halting,2
halting,3
hamstring,2
hamstring,4
handbook,1
handicap,2
hanging,0
hangman,3
hankering,1
hap,1
happen,1
harassing,4
harbinger,0
harbor,1
hardened,3
hardened,4
hardship,2
hardy,1
harlot,4
harm,3
harmful,0
harmoniously,1
harmony,1
harrowing,3
harry,2
harry,4
harshness,3
harshness,4
harvest,1
haste,1
hating,4
haughty,4
haunt,3
haunted,2
haunted,3
haven,1
havoc,3
havoc,4
hawk,3
hazard,3
hazardous,3
haze,3
headlight,1
heal,1
healing,1
healthful,1
hearing,3
hearse,2
hearse,3
heartfelt,1
heartfelt,2
heartily,1
heartworm,4
heathen,3
heavenly,1
heavens,1
hedonism,1
heft,1
heft,3
heighten,3
hell,0
hellish,0
helmet,3
helper,1
helpful,1
hemorrhage,0
heretic,4
heritage,1
hermaphrodite,1
hermit,1
hermit,2
hero,1
heroic,1
heroine,1
heroism,1
herpes,4
herpesvirus,4
hesitation,3
heyday,1
hide,3
hiding,3
highest,1
highest,3
hindering,2
hire,1
hiss,3
hiss,4
hit,4
hoary,2
hoax,0
hobby,1
hobo,2
hog,4
holiday,1
holiness,1
holiness,3
hollow,2
holocaust,0
homeless,0
homesick,2
homework,3
homicidal,3
homicidal,4
homicide,0
honest,0
honesty,1
honeymoon,1
honor,1
honorable,1
hood,3
hood,4
hooded,3
hoot,4
hope,1
hopeful,1
hopeless,2
hopeless,3
hopelessness,0
horde,1
horizon,1
horoscope,1
horrors,2
horrors,3
horse,1
hospice,2
hospital,0
hostage,3
hostage,4
hostilities,3
hostilities,4
hot,4
huff,4
hug,1
hulk,4
humanitarian,1
humanity,1
humble,2
humble,4
humbled,2
humbug,2
humbug,4
humiliate,2
humiliate,4
humiliating,4
humiliation,2
humiliation,4
humility,1
humorous,1
hungry,1
hunter,0
hunting,0
hurrah,1
hurricane,3
hurried,1
hurry,1
hurt,0
hurtful,0
hurting,0
husbandry,1
hut,2
hydra,3
hydrocephalus,0
hymn,1
hymn,2
hype,1
hypertrophy,0
hypocrite,4
hypocritical,4
hypothesis,1
idiocy,2
idiocy,4
idiot,4
idiotic,4
idolatry,3
idolatry,4
ignorant,4
ill,0
illegal,0
illegality,3
illegality,4
illegitimate,0
illicit,3
illicit,4
illiterate,4
illness,2
illness,3
illuminate,1
illumination,1
illusion,1
immaculate,1
immature,1
immaturity,1
immaturity,4
immediacy,1
immediately,1
immerse,1
immerse,3
immigrant,3
imminent,1
imminent,3
immoral,0
immorality,4
immortality,1
immovable,1
immunization,1
impart,1
impartial,1
impartiality,1
impatient,1
impeach,3
impeach,4
impeccable,1
impending,1
impending,3
impenetrable,1
impermeable,3
impermeable,4
implicate,4
impolite,4
importance,1
important,1
impossible,2
impotence,0
impressionable,1
imprisoned,0
imprisonment,0
improve,1
improvement,1
improvisation,1
improvise,1
imprudent,2
impure,4
impurity,4
inability,2
inadequate,2
inadmissible,4
inappropriate,2
inappropriate,4
inattention,4
inaugural,1
inauguration,1
incarceration,0
incase,0
incendiary,0
incest,0
incestuous,4
incident,1
incite,0
incline,1
inclusion,1
income,1
income,2
incompatible,2
incompatible,4
incompetent,2
incompetent,4
incongruous,4
inconsequential,2
inconsiderate,2
inconsiderate,4
incontinence,1
inconvenient,2
inconvenient,4
incredulous,4
incrimination,2
incrimination,3
incubus,3
incubus,4
incurable,0
incursion,3
indecency,4
indecent,4
indefensible,3
indelible,1
indemnity,1
indent,1
indenture,4
independence,1
indestructible,1
indict,3
indict,4
indictment,3
indifference,0
indigent,2
indivisible,1
indoctrination,3
indoctrination,4
indomitable,3
ineffectual,4
inefficiency,2
inefficiency,4
inefficient,2
inept,4
ineptitude,0
inequality,0
inexcusable,2
inexcusable,4
inexplicable,1
infallibility,1
infamous,3
infamous,4
infamy,2
infant,1
infant,3
infanticide,0
infantile,4
infarct,1
infarct,3
infect,4
infection,3
infectious,0
inferior,2
inferno,3
inferno,4
infertility,2
infestation,3
infestation,4
infidel,3
infidel,4
infidelity,0
infinity,1
infirmity,3
inflation,3
inflict,0
infliction,2
infliction,3
influential,1
inform,1
infraction,4
infrequent,1
inheritance,1
inhibit,2
inhibit,4
inhospitable,2
inhuman,0
inhumanity,2
inimical,2
inimical,4
inimitable,1
iniquity,4
injection,3
injure,0
injured,2
injured,3
injurious,0
injury,0
injustice,4
inmate,3
inmate,4
innocent,1
inoculation,1
inoperative,4
inquiry,1
insane,3
insane,4
insanity,0
insecure,0
insecurity,3
inseparable,1
insidious,3
insidious,4
insignificant,2
insignificant,4
insolvency,0
insolvent,0
inspiration,1
inspired,1
instability,3
instability,4
install,1
instinctive,3
instinctive,4
institute,1
instruct,1
instruction,1
instructions,1
instructor,1
insufficiency,4
insulation,1
insult,0
insulting,0
insure,1
insurmountable,2
insurmountable,3
insurrection,4
intact,1
integrity,1
intelligence,1
intelligence,3
intelligent,1
intend,1
intended,1
intense,0
inter,2
intercede,2
intercede,3
intercession,1
interested,2
interested,4
interim,1
interior,1
interior,4
interment,2
interminable,1
interminable,4
intermission,1
interrogate,3
interrogation,3
interrupt,1
interrupt,4
interrupted,2
intervention,2
interviewer,3
intestinal,4
intimate,1
intimately,1
intimately,3
intolerable,4
intolerance,3
intolerance,4
intolerant,0
intoxicated,4
intractable,4
intrigue,1
intrigue,3
intruder,0
intrusion,3
intrusive,0
intuition,1
intuitively,1
invade,0
invader,0
invalid,2
invasion,4
investigation,1
invitation,1
invite,1
inviting,1
invocation,1
invoke,1
involution,4
involvement,4
irate,4
iris,3
iron,1
irrational,3
irrational,4
irreconcilable,0
irrefutable,1
irreparable,2
irreparable,3
irritability,4
irritable,4
isolate,2
isolated,2
isolated,3
isolation,2
jab,4
jackpot,1
jail,2
jail,3
janitor,4
jarring,2
jarring,3
jaundice,3
jaws,3
jeopardize,3
jeopardize,4
jeopardy,1
jeopardy,3
jerk,1
jerk,4
jest,1
john,4
joker,1
jolt,1
journalism,1
journey,1
journey,3
journeyman,1
jubilee,1
judgment,1
judicial,1
judiciary,1
judicious,1
jump,1
jungle,3
jurisprudence,2
jurist,1
jury,1
justice,1
justifiable,1
kennel,2
kerosene,3
khan,1
khan,3
kicking,4
kidnap,0
kill,2
kill,3
killing,0
kindred,1
kiss,1
kite,4
kitten,1
knell,2
knell,3
knickers,1
kudos,1
label,1
labor,1
labored,2
labyrinth,1
lace,0
lagging,0
lamb,1
lamenting,2
landmark,1
landslide,2
landslide,3
languishing,2
languishing,3
larceny,4
larger,1
larger,4
laser,1
lash,3
lash,4
late,2
latent,1
latent,4
latrines,4
laugh,1
laughable,4
laughing,1
laughter,1
launch,1
laureate,1
laurels,1
lava,3
lava,4
lavatory,4
law,1
lawful,1
lawlessness,3
lawlessness,4
lawsuit,0
lawyer,3
lawyer,4
lax,2
laxative,3
laxative,4
leader,1
leading,1
leaning,1
leave,1
leave,2
leeches,3
leeches,4
leer,4
leery,1
legal,1
legalized,0
legislator,1
legislature,1
legitimacy,1
leisure,1
lemon,4
lender,1
leprosy,0
lesbian,2
lesbian,4
lessen,1
lesser,4
lesson,1
lethal,0
lethargy,2
letter,1
lettered,1
leukemia,0
levee,1
level,1
lewd,4
liar,4
libel,0
liberate,1
liberate,4
liberation,1
liberty,1
lick,4
lie,2
lie,4
lieutenant,1
lifeless,2
lifeless,3
lightning,0
limited,2
limited,4
lines,3
linger,1
linguist,1
lion,3
liquor,0
listless,2
litigate,0
litigious,4
localize,1
lockup,2
lockup,3
locust,3
lodging,1
lone,2
lonely,0
lonesome,2
long,1
longing,1
longing,2
loo,4
loom,1
loom,3
loon,4
lord,1
lord,4
lose,0
losing,2
losing,4
loss,0
lost,2
lottery,1
loudness,4
louse,4
lovable,1
lovely,1
lovely,2
lovemaking,1
lover,1
lower,2
lowest,2
lowly,2
loyal,1
loyal,3
luck,1
lucky,1
lull,1
lumpy,4
lunacy,0
lunatic,3
lunatic,4
lunge,1
lurid,4
luscious,1
lush,2
lush,4
lust,1
luster,1
lusty,4
luxurious,1
luxury,1
lying,4
lynch,0
lyre,1
lyrical,1
mace,3
machine,1
madman,3
madman,4
mafia,3
mage,3
maggot,4
magical,1
magician,1
magnet,1
magnificence,1
magnificent,1
mail,1
mainstay,1
maintenance,1
majestic,1
majesty,1
majority,1
malaise,2
malaria,0
malfeasance,4
malignancy,2
malignancy,3
malignant,3
malignant,4
malpractice,4
mamma,1
manage,1
management,1
mandamus,3
mandarin,1
mange,3
mange,4
mangle,0
maniac,3
maniac,4
manifestation,3
manipulation,3
manipulation,4
manslaughter,0
manual,1
manure,4
margin,2
marine,1
marriage,1
marrow,1
marry,1
marry,3
marshal,1
martial,4
martyr,2
martyr,3
martyrdom,2
martyrdom,3
masochism,3
masochism,4
massacre,0
massage,1
masterpiece,1
mastery,1
mastery,4
matchmaker,1
mate,1
materialist,4
maternal,1
mathematical,1
matrimony,1
matron,1
mausoleum,2
maxim,1
meaningless,2
measles,0
measure,1
measured,1
medal,1
meddle,4
mediate,1
mediator,1
medical,1
medical,3
meditate,1
meek,2
melee,3
melodrama,2
melodrama,4
meltdown,2
memorable,1
memorials,2
menace,3
menace,4
menacing,3
menacing,4
mentor,1
mercenary,3
merchant,1
merge,1
merit,1
meritorious,1
mess,4
messenger,1
messy,4
microscope,1
midwife,1
mighty,0
mildew,4
military,3
militia,0
mill,1
mimicry,1
ministry,1
miracle,1
miraculous,1
mire,4
misbehavior,1
misbehavior,4
miscarriage,2
miscarriage,3
misconception,3
misconception,4
misconduct,4
misfortune,2
misfortune,3
misguided,4
mishap,0
mislead,0
misleading,4
misplace,4
misrepresentation,2
misrepresented,4
missile,3
missing,2
missing,3
misstatement,4
mistake,2
mistaken,3
mistress,4
mistrust,3
mistrust,4
misunderstanding,2
misunderstanding,4
mite,4
moan,2
moan,3
moat,1
mob,3
mob,4
mobile,1
mockery,4
mocking,2
mocking,4
moderator,1
modest,1
modify,1
molestation,0
momentum,1
monetary,1
money,1
money,4
monk,1
monochrome,4
monogamy,1
monsoon,2
monster,3
monstrosity,0
moody,2
moody,4
moorings,1
moral,1
moral,4
morality,1
morals,1
morals,4
morbid,2
morbidity,0
morgue,0
moribund,2
morn,1
morrow,1
mortality,0
mortgage,3
mortgagee,1
mortgagor,3
mortification,0
mortuary,2
mortuary,3
mosque,4
mosquito,4
mother,1
mother,2
motherhood,1
motion,1
mountain,1
mouth,1
mouthful,4
muck,4
mucous,4
mucus,4
muddy,4
muff,4
mug,0
mule,1
mule,4
mum,3
murderer,0
murderous,0
murky,2
murky,4
music,1
music,2
musical,0
musket,3
musty,4
mutable,1
mutilated,4
mutilation,0
mutiny,0
mutter,4
muzzle,3
myopia,2
myopia,4
mysterious,1
mysterious,3
mystery,1
mystic,1
nab,1
nag,4
nameless,4
nap,1
napkin,2
nappy,4
nascent,1
nasty,0
nation,1
navigable,1
navigator,1
necessity,2
nefarious,0
negation,4
negative,2
neglected,2
neglected,4
negotiate,1
negro,2
neighbor,1
neighborhood,1
nepotism,2
nepotism,4
nervous,1
nervous,3
nervousness,3
nest,1
nestle,1
nether,0
network,1
neuralgia,2
neuralgia,3
neurosis,2
neurosis,3
neurotic,3
neurotic,4
neutral,1
neutrality,1
newcomer,1
newcomer,3
nicotine,4
nightmare,3
nobility,1
noble,1
nobleman,1
noisy,4
noncompliance,0
nonsensical,2
noose,2
nose,4
notable,1
notary,1
nothingness,2
notification,1
notoriety,3
notoriety,4
noxious,3
noxious,4
nuisance,4
nullify,1
numbness,2
nun,1
nurse,1
nursery,1
nurture,0
nutritious,2
oasis,1
oath,1
obedience,1
obese,4
obesity,2
obesity,4
obey,1
obey,3
obi,3
obi,4
obit,1
obit,2
obituary,2
objection,4
objective,1
oblige,1
obliging,0
obligor,3
obliterate,0
obliterated,3
obliterated,4
obliteration,2
obliteration,3
oblivion,3
oblivion,4
obnoxious,2
obnoxious,4
obscenity,4
obstacle,0
obstetrician,1
obstruct,3
obstruct,4
obstructive,4
obtainable,1
obvious,1
occasional,1
occult,3
occult,4
occupant,1
octopus,4
oddity,0
offended,2
offended,4
offender,0
offering,1
officer,1
official,1
offset,1
ogre,3
ogre,4
older,2
olfactory,1
omen,1
omen,3
ominous,1
ominous,3
omnipotence,3
omniscient,1
onerous,2
onerous,4
ongoing,1
onset,1
ooze,4
opera,0
operation,1
operation,3
opinionated,4
opium,0
opponent,0
opportune,1
opportunity,1
opposed,3
opposed,4
opposition,4
oppressor,0
optimism,1
optimist,1
oracle,1
orc,3
orc,4
orchestra,0
ordained,1
ordeal,1
ordeal,4
ordinance,1
ordination,1
ordnance,3
organ,1
organization,1
orgasm,1
originality,1
orphan,2
orphan,3
orthodoxy,1
oust,2
oust,4
outburst,0
outcast,0
outcry,0
outdo,1
outhouse,4
outpost,3
outsider,3
outstanding,1
ovation,2
overbearing,4
overdue,1
overdue,2
overestimate,1
overjoyed,1
overload,2
overpowering,3
overpowering,4
overpriced,2
overpriced,4
overt,3
overthrow,1
overthrow,3
overture,1
overwhelmed,2
owing,0
pact,1
paddle,1
pain,2
pain,3
pained,2
pained,3
painful,0
painfully,2
palpable,1
palsy,0
pandemic,2
pandemic,3
pang,1
parachute,3
parade,1
parade,3
paragon,1
paralysis,0
paralyzed,0
paranoia,3
parasite,3
parasite,4
pare,0
parietal,1
parish,1
parliament,1
parole,1
parrot,4
partake,1
parting,2
partnership,1
passenger,1
passion,1
passionate,1
pastor,1
pastry,1
patience,1
patient,1
patriarchal,1
patrol,1
patron,1
patronage,1
patter,4
paucity,2
paucity,4
pauper,2
pavement,1
pawn,1
pay,1
payback,4
peace,1
peaceful,1
pedigree,1
penal,2
penal,3
penalty,0
penetration,3
penetration,4
penitentiary,4
pensive,2
perceive,1
perchance,1
perdition,0
perennial,1
perfect,1
perfection,1
peri,1
peril,0
perilous,0
periodicity,1
perish,2
perish,3
perished,2
perishing,2
perishing,3
perjury,1
perjury,3
pernicious,0
perpetrator,0
perpetuate,1
perpetuity,1
perplexity,2
persecution,0
personal,1
perspiration,4
persuade,1
pertinent,1
perturbation,3
perverse,3
perverse,4
perversion,2
perversion,4
pervert,4
perverted,4
pessimism,0
pessimist,2
pessimist,3
pest,3
pest,4
pestilence,3
pestilence,4
petroleum,4
phalanx,1
phalanx,3
phantom,3
philanthropic,1
philanthropist,1
philosopher,1
phlegm,4
phony,4
physician,1
physicist,1
picket,0
picketing,4
picnic,1
picturesque,1
pig,4
piles,4
pill,1
pillage,3
pillage,4
pilot,1
pimple,4
pine,2
pinion,3
pious,0
pirate,4
pitfall,0
pith,1
pity,2
pivot,1
placard,1
plagiarism,4
plague,0
plan,1
planning,1
playful,1
playful,4
playground,1
playhouse,1
plea,0
pleasant,1
pleasurable,1
pledge,1
plight,0
plummet,3
plump,1
plunder,0
plunge,3
pneumonia,3
poaching,0
pointless,2
poison,0
poisoned,0
poisoning,4
poisonous,0
poke,1
polarity,1
polemic,4
police,1
police,3
policeman,1
policeman,3
policy,1
polio,2
polio,3
politic,4
politics,4
poll,1
pollute,4
pollution,4
polygamy,4
pompous,4
pontiff,1
pop,1
porn,4
pornography,4
posse,3
possess,1
possessed,3
possessed,4
possession,3
possession,4
possibility,1
posthumous,2
postponement,1
pound,4
poverty,0
pow,4
powerful,0
powerfully,3
powerless,0
practiced,1
practise,1
praise,1
praised,1
praiseworthy,1
prank,1
pray,1
pray,3
precarious,0
precedence,1
precious,1
precipice,3
preclude,4
precursor,1
predicament,3
predict,1
prediction,1
predispose,1
predominant,1
pregnancy,4
prejudice,4
prejudiced,3
prejudiced,4
prejudicial,4
preliminary,1
premature,1
premeditated,3
preparation,1
preparatory,1
prepare,1
prepared,1
preparedness,1
preponderance,1
prerequisite,1
prescient,1
present,1
preservative,1
president,1
prestige,1
presto,1
presumption,1
presumptuous,4
pretending,4
pretty,1
prevail,1
prevalent,1
prevent,3
prevention,1
prey,3
prick,0
priest,1
priesthood,1
priesthood,2
primer,1
princely,1
principal,1
prison,0
prisoner,0
privileged,1
privy,1
probability,1
probation,0
probity,1
problem,2
problem,3
procedure,3
proceeding,1
procession,1
procession,2
proctor,1
production,1
profane,4
profanity,4
professional,1
professor,1
professorship,1
proficiency,1
proficient,1
prognosis,1
prognosis,3
prognostic,1
progress,1
progression,1
progression,2
prohibited,3
prohibited,4
projectile,3
projectiles,3
prologue,1
prolong,4
promise,1
proof,1
prophecy,1
prophet,1
prophetic,1
prophylactic,1
prosecute,0
prosecution,4
prospectively,1
prosper,1
prosperous,1
prostitute,4
prostitution,2
prostitution,4
protected,1
protecting,1
protector,1
protestant,3
proven,1
provide,1
providing,1
proviso,1
provocation,4
provoking,4
prowl,1
prowl,3
proxy,1
prudent,1
pry,1
pry,4
psychosis,0
public,1
puke,4
puma,1
puma,3
punch,0
punctual,1
pungent,4
punish,3
punished,0
punishing,0
punishment,3
punishment,4
punitive,0
punt,1
puppy,1
purely,1
purgatory,3
purgatory,4
purge,3
purification,1
purify,1
purity,1
purr,1
pus,4
putative,1
quack,4
quagmire,4
quail,3
quaint,1
quake,3
qualified,1
quandary,3
quandary,4
quarantine,3
quarrel,4
quash,3
quest,1
questionable,4
quicken,1
quickness,1
quicksilver,1
quiet,2
quiver,3
quivering,3
quote,1
rabble,3
rabble,4
rabid,0
rack,2
radar,1
radiance,1
radiant,1
radiation,3
radioactive,3
radon,3
raffle,1
raging,3
raging,4
rags,4
raid,0
rail,1
rail,4
rainy,2
ram,1
ram,4
rampage,3
rampage,4
rancid,4
randomly,1
ranger,1
ransom,3
ransom,4
rape,0
rapid,1
rapping,4
rapt,1
raptors,3
rapture,1
rarity,1
rascal,3
rascal,4
rash,4
rat,3
rat,4
ratify,1
rating,0
rational,1
rattlesnake,3
rave,1
rave,4
ravenous,0
ravine,3
raving,0
razor,3
react,3
react,4
readiness,1
ready,1
real,1
reappear,1
reassurance,1
reassure,1
rebel,3
rebel,4
rebellion,3
rebellion,4
recalcitrant,4
receiving,1
recesses,3
recession,0
recidivism,2
recidivism,4
recipient,1
reckless,3
reckless,4
recklessness,0
recline,1
recognizable,1
recombination,1
recommend,1
reconciliation,1
reconsideration,1
reconstruct,1
reconstruction,1
recreation,1
recreational,1
recruits,1
recurrent,1
referee,1
reflex,1
reflux,4
refugee,2
refused,2
refutation,3
regal,1
regatta,1
regent,1
regiment,3
registry,1
regrettable,2
regretted,2
regretting,2
regularity,1
regulatory,3
regurgitation,4
rehabilitation,1
reimbursement,1
reinforcement,1
reinforcements,1
reject,0
rejection,0
rejects,0
rekindle,1
rekindle,3
relapse,2
relapse,3
related,1
relative,1
relevant,1
reliability,1
reliable,1
reliance,1
relics,2
religion,1
reluctant,3
remains,0
remand,4
remarkable,1
remedy,1
remiss,2
remiss,4
remove,0
renegade,4
renounce,4
renovate,1
renovation,1
reparation,1
repay,1
repay,4
repelling,4
reporter,1
representing,1
repress,2
repression,3
reprimand,4
reprisal,0
reproach,2
reproach,4
reproductive,1
repudiation,4
reputable,1
requiem,2
rescue,1
resection,3
resign,0
resignation,1
resignation,2
resigned,2
resistance,4
resistant,3
resisting,0
resources,1
respectable,1
respectful,1
respects,1
respite,1
resplendent,1
responsible,1
responsive,1
restitution,4
restlessness,1
restorative,1
restrain,3
restrain,4
restrained,3
restrict,2
restriction,0
result,1
resultant,1
retain,1
retaliate,4
retaliation,3
retaliation,4
retaliatory,4
retard,0
reticent,3
retirement,0
retract,4
retrenchment,3
retribution,0
reunion,1
revels,1
revenge,0
revere,1
reverence,1
reverend,1
reverie,1
reversal,1
reversal,4
revival,1
revive,1
revoke,0
revolution,0
revolver,0
reward,1
rheumatism,0
rhythmical,1
ribbon,1
ribbon,4
riddle,1
ridicule,2
ridicule,4
ridiculous,4
rifle,3
rifle,4
rigor,3
rigor,4
ringer,4
riot,3
riot,4
ripen,1
rising,1
risk,1
risk,3
risky,1
risky,3
rivalry,4
roadster,1
rob,0
robber,3
robber,4
robbery,0
rocket,4
rod,1
rod,3
rogue,4
rollicking,1
romance,0
romanticism,1
romp,1
rook,4
rooted,1
rot,0
rota,1
rotting,4
roulette,1
routine,1
row,4
rubbish,4
rubble,2
rubble,3
ruin,2
ruin,3
ruined,0
ruinous,0
rule,1
rule,3
rumor,2
runaway,2
rupture,0
saber,3
saber,4
sabotage,0
sacrifices,0
safe,1
safeguard,1
safekeeping,1
sag,3
sage,1
saint,1
saintly,1
salary,1
saliva,1
sally,1
saloon,4
salutary,1
salute,1
salvation,1
samurai,3
sanctification,1
sanctify,1
sanctify,2
sanctuary,1
sap,2
sappy,1
sarcasm,2
sarcasm,4
sarcoma,2
sarcoma,3
satanic,4
saturated,4
savage,3
savage,4
savagery,3
savagery,4
save,1
savor,0
scaffold,3
scalpel,3
scandal,3
scandalous,4
scapegoat,3
scapegoat,4
scar,0
scarce,2
scarce,3
scarcely,2
scarcity,0
scarecrow,3
sceptical,1
schism,4
schizophrenia,0
scholarship,1
school,1
scientific,1
scientist,1
scoff,4
scold,0
scolding,4
scorching,4
scorpion,0
scoundrel,0
scourge,0
scrapie,0
screech,1
screech,3
screwed,4
scrimmage,1
scripture,1
scrub,4
scrutinize,1
scum,4
seal,1
seals,1
secluded,2
seclusion,3
secrecy,1
secret,1
secrete,4
secretion,4
sectarian,3
sectarian,4
secular,1
securities,1
sedition,2
sedition,4
seductive,1
seek,1
segregate,2
segregate,4
seize,3
seizure,3
selfish,4
senate,1
senile,2
senile,3
seniority,1
sensational,1
senseless,0
sensual,1
sensuality,1
sensuous,1
sentence,0
sentinel,1
sentry,1
separatist,4
sepsis,2
sepsis,3
septic,4
sequel,1
sequestration,2
serene,1
serenity,1
serial,1
series,1
seriousness,2
seriousness,3
sermon,1
serpent,3
serpent,4
servant,1
serve,1
servile,0
setback,2
settlor,3
severance,2
sewage,4
sewer,4
sewerage,4
sex,1
shabby,4
shack,2
shack,4
shackle,0
shady,3
shaking,3
shaky,0
sham,4
shameful,2
shameless,4
shanghai,3
shanghai,4
shank,3
share,1
sharpen,1
sharpen,4
shatter,0
shattered,2
shell,0
shelter,1
shepherd,1
sheriff,1
shining,1
ship,1
shipwreck,2
shipwreck,3
shit,4
shiver,0
shock,0
shockingly,1
shoddy,4
shoot,3
shoot,4
shooter,3
shooting,3
shooting,4
shopkeeper,1
shoplifting,4
shopping,1
shortage,0
shortly,1
shot,0
shoulder,1
shout,1
shout,4
shove,4
show,1
shrapnel,3
shriek,0
shrill,0
shrink,2
shrink,3
shroud,2
shudder,3
shun,2
shun,4
sib,1
sickly,2
sickly,4
sickness,0
signature,1
signify,1
silly,1
simmer,1
simmer,4
simmering,1
simplify,1
sin,0
sincere,1
sinful,0
sing,1
sing,2
singularly,1
sinister,3
sinister,4
sinner,0
sinning,4
sir,1
siren,3
sisterhood,0
sizzle,4
skewed,1
skewed,4
skid,0
skillful,1
skirmish,4
slam,0
slander,4
slap,1
slap,4
slash,4
slaughter,0
slaughterhouse,0
slaughtering,0
slave,0
slavery,0
slay,4
slayer,0
slime,4
slimy,4
slip,1
slop,4
sloppy,4
sloth,4
sludge,4
slug,4
sluggish,2
slum,4
slump,2
slur,2
slur,4
slush,1
slush,4
slut,4
sly,3
sly,4
smack,4
smash,3
smash,4
smell,4
smelling,4
smile,1
smiling,1
smite,0
smith,1
smother,4
smuggle,3
smuggler,3
smuggler,4
smut,3
smut,4
snag,1
snake,3
snake,4
snare,3
snarl,4
snarling,4
sneak,0
sneaking,1
sneaking,3
sneer,4
sneeze,1
sneeze,4
snort,2
sob,2
sobriety,1
socialism,3
socialism,4
socialist,0
soil,4
soiled,4
soldier,2
soldier,4
solidarity,1
solidity,1
somatic,1
sonar,1
sonnet,1
sonnet,2
sonorous,1
soot,4
soothing,1
sorcery,1
sorcery,3
sordid,0
sorely,2
soreness,2
soreness,4
sortie,3
soulless,0
soulmate,3
soundness,1
sour,4
sovereign,1
spa,1
spaniel,1
spank,0
spanking,4
sparkle,1
spasm,3
spat,4
spear,0
special,1
specialist,1
specialize,1
speck,4
spectacular,1
specter,2
specter,3
speculation,2
speculation,3
speculative,1
spew,4
spider,3
spider,4
spike,3
spine,4
spinster,2
spinster,3
spirits,1
spit,4
splash,1
splendid,1
splendor,1
splitting,2
spoil,4
spoiler,2
spokesman,1
sponsor,1
spook,3
spotless,1
spouse,1
sprain,2
sprite,3
spur,3
spurious,4
squall,2
squall,3
squeamish,3
squeamish,4
squelch,4
squirm,4
stab,0
stable,1
stagnant,2
stain,4
stalemate,4
stalk,3
stall,4
stamina,1
standoff,3
standoff,4
standstill,4
star,1
stark,1
starry,1
start,1
startle,1
startle,3
startling,1
starvation,2
starvation,3
statement,1
statistical,1
steadfast,1
steady,1
steal,0
stealing,3
stealing,4
stealth,1
stealthily,1
stealthy,1
stealthy,3
sterile,2
sterling,1
sterling,4
steward,1
sticky,4
stifled,0
stigma,0
stillborn,2
stillness,2
stillness,3
sting,3
sting,4
stingy,0
stink,4
stinking,4
stint,2
stint,3
stolen,4
stomach,4
stone,4
stools,4
store,1
storm,4
storming,4
stormy,3
straightforward,1
strained,4
straits,3
stranger,3
strangle,0
strategist,1
strength,1
strengthening,1
stretcher,2
stretcher,3
stricken,2
strife,4
strip,2
stripped,0
strive,1
stroke,2
stroke,3
structural,1
structure,1
struggle,0
sty,4
subito,1
subjected,2
subjugation,0
sublimation,1
submit,1
subordinate,3
subscribe,1
subsidence,2
subsidy,4
substantiate,1
subversion,3
subversion,4
subversive,1
subversive,4
subvert,0
succeed,1
succeeding,1
success,1
successful,1
sucker,4
sudden,1
suddenly,1
sue,2
sue,4
sufferer,2
sufferer,3
suffocating,0
suffocation,3
suffocation,4
suggest,1
suicidal,0
suicide,0
sullen,2
sullen,4
sultan,3
sump,4
sun,1
sundial,1
sunk,0
sunset,1
sunshine,1
superman,1
superstar,1
superstition,3
superstitious,1
superstitious,3
supplication,1
supporter,1
supporting,1
suppress,0
suppression,3
suppression,4
supremacy,0
surcharge,4
surety,1
surge,1
surgery,2
surgery,3
surly,4
surrender,2
surrender,3
surrendering,2
surrogate,1
surround,1
surveillance,3
suspect,3
suspension,3
suspicion,3
suspicious,1
suspicious,4
swamp,3
swamp,4
swampy,3
swampy,4
swarm,4
swastika,3
swastika,4
swear,1
sweat,3
sweet,1
sweetheart,1
sweetheart,2
sweets,1
swelling,3
swerve,1
swerve,3
swig,4
swim,1
swim,3
swine,4
symmetry,1
sympathize,2
symphony,1
synchronize,1
syncope,0
synergistic,1
synod,1
synonymous,1
synonymous,3
syringe,3
system,1
taboo,3
taboo,4
tabulate,1
tackle,1
tackle,4
tactics,1
tactics,3
taint,2
talons,3
talons,4
tandem,1
tantalizing,1
tantamount,1
tariff,4
tarnish,2
tarnish,4
tasteless,4
taught,1
taunt,0
tawny,4
tax,2
teach,1
teacher,1
team,1
tease,0
teeming,4
temperate,1
tempest,0
tension,4
terminal,2
terminal,3
terminate,2
termination,2
termite,4
terribly,2
terrorism,0
terrorist,0
terrorize,0
testament,1
testimony,1
tetanus,4
thankful,1
thanksgiving,1
theft,0
theism,4
theocratic,0
theological,1
theology,1
theorem,1
theory,1
therapeutic,1
thermocouple,1
thermometer,1
thief,0
thirst,1
thirst,2
thirteenth,3
thorny,3
thought,1
thoughtful,1
thoughtless,4
thrash,0
threat,3
threat,4
threaten,0
threatening,3
threatening,4
thresh,0
thrift,1
thrift,4
thrilling,1
thriving,1
throb,2
throb,3
throne,1
throttle,4
thug,3
thug,4
thump,4
thumping,3
thundering,3
thundering,4
thwart,1
tiff,4
tighten,4
time,1
tinsel,1
tirade,4
title,1
toad,4
toast,1
toilet,4
tolerate,2
tolerate,4
tomb,2
tomorrow,1
toothache,3
topple,1
tornado,3
torpedo,4
torrent,3
tortious,4
torture,0
touchy,2
touchy,4
tough,2
toughness,0
towering,1
towering,3
toxic,4
toxin,3
track,1
tract,3
trade,1
tragedy,2
tragedy,3
trainer,1
traitor,0
tramp,0
tranquil,1
tranquility,1
transaction,1
transcendence,1
transcript,1
transitional,1
translation,1
trash,2
trash,4
trashy,4
traumatic,0
travesty,0
treacherous,3
treacherous,4
treachery,0
treadmill,1
treason,0
treasure,1
treasurer,1
treat,0
tree,1
tree,4
trembling,3
tremor,0
trespass,4
tribe,1
tribulation,2
tribulation,3
tribunal,0
tribune,1
tributary,1
trick,1
trickery,0
trip,1
tripping,2
tripping,4
troll,3
troll,4
trophy,1
troublesome,3
troublesome,4
truce,1
truck,1
true,1
trump,1
truss,1
trust,1
trustee,1
truth,1
truthful,1
truthfulness,1
tumor,3
tumour,2
tumour,3
tumult,0
tumultuous,3
tumultuous,4
turbulence,3
turbulence,4
turbulent,3
turmoil,0
tussle,4
tutelage,1
twinkle,1
typhoon,3
tyranny,2
tyranny,3
tyrant,0
ugliness,0
ulcer,0
ultimate,1
ultimate,2
ultimately,1
ultimatum,3
ultimatum,4
umpire,1
unable,2
unacceptable,2
unaccountable,0
unacknowledged,2
unanticipated,1
unattainable,2
unattainable,4
unattractive,2
unattractive,4
unbearable,2
unbearable,4
unbeaten,1
unbeaten,2
unbridled,0
unbroken,1
uncanny,1
uncanny,3
uncaring,2
uncaring,4
uncertain,0
unclean,4
unconscionable,4
unconstrained,1
uncontrollable,1
uncontrollable,4
uncover,1
undecided,1
undecided,3
underestimate,1
underpaid,2
underpaid,4
understanding,1
undertaker,2
undertaking,1
underwrite,1
undesirable,0
undesired,2
undisclosed,1
undiscovered,1
undoubted,1
undoubted,4
undying,1
undying,2
uneasiness,1
uneasiness,2
uneasy,3
uneasy,4
uneducated,2
unemployed,2
unemployed,3
unequal,0
unequivocal,1
unexpected,1
unexpected,3
unexpectedly,1
unexplained,1
unexplained,2
unfair,2
unfair,4
unfairness,2
unfairness,4
unfaithful,4
unfavorable,2
unfavorable,4
unfold,1
unforeseen,1
unforgiving,2
unforgiving,4
unfortunate,2
unfriendly,0
unfulfilled,0
ungodly,2
ungrateful,4
unguarded,1
unhealthy,0
unholy,3
unification,1
unimaginable,1
unimportant,2
uninspired,2
unintended,1
unintentional,1
unintentionally,1
uninterested,2
uninteresting,2
uninvited,2
unique,1
united,1
unity,1
university,1
unjust,4
unjustifiable,3
unjustifiable,4
unknown,1
unknown,3
unlawful,0
unlucky,0
unmanageable,4
unnatural,3
unnatural,4
unpaid,2
unpaid,4
unpleasant,2
unpleasant,4
unpopular,2
unpopular,4
unprecedented,1
unpredictable,1
unpublished,1
unpublished,2
unquestionable,1
unquestionably,1
unquestioned,1
unreliable,1
unrequited,2
unresolved,1
unrest,2
unrest,3
unruly,3
unruly,4
unsafe,3
unsatisfactory,4
unsatisfied,2
unsatisfied,4
unseat,2
unsettled,3
unsettled,4
unsightly,4
unspeakable,3
unstable,1
unstable,3
unsteady,3
unsuccessful,2
unsurpassed,1
unsurpassed,3
unsuspecting,1
unsympathetic,4
unthinkable,3
unthinkable,4
untidy,4
untie,1
untitled,2
untold,1
untoward,4
untrustworthy,4
unverified,1
unwashed,4
unwavering,1
unwelcome,2
unwell,2
unworthy,4
upheaval,0
uphill,1
uphill,3
upright,1
uprising,0
upset,2
upset,4
urgency,1
urgency,3
urgent,1
urgent,3
urn,2
usher,1
usual,1
usurp,4
usurped,3
usurped,4
utopian,1
vacation,1
vacuous,4
vainly,2
vainly,4
validity,3
valor,1
vampire,3
vampire,4
vanish,1
vanished,0
variable,1
varicella,0
veal,1
veal,2
veer,1
veer,3
vegetative,2
vegetative,4
vehement,3
vehement,4
vendetta,0
venerable,1
vengeance,4
vengeful,3
vengeful,4
venomous,3
venomous,4
vent,4
veracity,1
verdict,3
verge,1
verge,3
verification,1
verified,1
verily,1
vermin,3
vermin,4
vernal,1
versus,4
vertigo,3
vesicular,4
veteran,1
veto,4
vicar,1
vicious,4
victim,0
victimized,0
victor,1
victorious,1
victory,1
vigil,1
vigilance,1
vigilant,1
vigilant,3
vigorous,1
villager,1
villain,3
villainous,3
villainous,4
vindicate,4
vindication,1
violation,0
violence,0
violent,0
violently,0
viper,3
virgin,1
virginity,1
virtue,1
virtuous,1
virulence,3
virulence,4
vision,1
visionary,1
visitor,1
visor,1
vitality,1
vivacious,1
vivid,1
volatility,0
volcano,1
volcano,3
volunteer,1
volunteer,3
volunteers,1
voluptuous,1
vomit,4
vote,0
votive,1
vouch,1
voucher,1
vow,1
voyage,1
vulgar,4
vulgarity,2
vulgarity,4
vulnerability,2
vulnerability,3
vulture,3
vulture,4
waffle,2
waffle,4
wages,1
wail,2
wail,3
wait,1
wan,2
wan,3
wane,2
wanting,2
war,3
warden,0
ware,3
warfare,0
warlike,3
warlike,4
warlock,3
warn,1
warn,3
warned,1
warned,3
warning,3
warp,2
warp,4
warranty,1
warrior,3
warrior,4
wart,4
wary,3
waste,4
wasted,4
wasteful,2
wasteful,4
wasting,0
watch,1
watch,3
watchdog,1
watchful,1
watchman,1
waver,3
weakly,2
weakly,3
wealth,1
wear,1
wearily,2
weariness,2
weary,2
weeds,2
weigh,1
weighty,3
weird,4
weirdo,3
welcomed,1
wench,4
whim,1
whimper,2
whimper,3
whimsical,1
whine,2
whine,4
whip,4
whirlpool,3
whirlwind,3
white,1
whiteness,1
wholesome,1
whore,4
wickedness,4
widow,2
widower,2
wild,1
wilderness,0
wildfire,0
willful,2
willful,4
wimp,3
wimp,4
wimpy,0
wince,0
winner,1
winning,0
winnings,1
wireless,1
wireless,4
wisdom,1
wishful,1
witch,3
witch,4
witchcraft,0
withdraw,2
wither,2
withered,4
withstand,1
withstand,3
witness,1
witty,1
wizard,1
wont,1
wop,4
word,1
words,4
worm,1
worn,2
worried,2
worrying,0
worse,2
worse,3
worsening,2
worsening,4
worthless,2
worthless,4
worthy,1
wot,1
wound,0
wrangling,0
wreak,4
wreck,0
wrecked,0
wring,4
wrinkled,2
wrongdoing,2
wrongdoing,4
wrongful,2
wrongful,4
wrongly,0
xenophobia,3
yearning,1
yell,0
yelp,0
young,1
youth,0
zany,1
